id	type	class	reason
buddyinfo.zone_count	Integer	candidate_individual	scalar numeric metric
buddyinfo.zones	Table	hard_table	table structure varies; best as source/group guide
cgroups.controller_count	Integer	candidate_individual	scalar numeric metric
cgroups.controllers	Table	hard_table	table structure varies; best as source/group guide
cmdline.cmdline	Text	hard_text	host-specific text; low reusable metric semantics
cmdline.param_count	Integer	candidate_individual	scalar numeric metric
conntrack.conntrack_count	Integer	candidate_group_suffix	conntrack.conntrack (min/max/count family)
conntrack.conntrack_max	Integer	candidate_group_suffix	conntrack.conntrack (min/max/count family)
conntrack.usage_pct	Float	candidate_individual	scalar numeric metric
consoles.console_count	Integer	candidate_individual	scalar numeric metric
consoles.consoles	Table	hard_table	table structure varies; best as source/group guide
cpuinfo.logical_cpus	Integer	candidate_individual	scalar numeric metric
cpuinfo.model	Text	hard_text	host-specific text; low reusable metric semantics
cpuinfo.frequency	Float	candidate_individual	scalar numeric metric
cpuinfo.cache_size	Text	hard_text	host-specific text; low reusable metric semantics
cpuinfo.cores_per_socket	Integer	candidate_individual	scalar numeric metric
cpuinfo.key_flags	Text	hard_text	host-specific text; low reusable metric semantics
crypto.algorithm_count	Integer	candidate_individual	scalar numeric metric
crypto.algorithms	Table	hard_table	table structure varies; best as source/group guide
devices.device_count	Integer	candidate_individual	scalar numeric metric
devices.devices	Table	hard_table	table structure varies; best as source/group guide
df.filesystems	Table	hard_table	table structure varies; best as source/group guide
df.total_disk	Bytes	candidate_individual	scalar numeric metric
df.used_disk	Bytes	candidate_individual	scalar numeric metric
df.available_disk	Bytes	existing_individual	metric article exists
df.root_use_pct	Float	existing_individual	metric article exists
diskstats.active_devices	Integer	existing_individual	metric article exists
diskstats.devices	Table	hard_table	table structure varies; best as source/group guide
dma.channel_count	Integer	candidate_individual	scalar numeric metric
dma.channels	Table	hard_table	table structure varies; best as source/group guide
dns.nameservers	Table	hard_table	table structure varies; best as source/group guide
dns.search_domains	Text	hard_text	host-specific text; low reusable metric semantics
dns.options	Text	hard_text	host-specific text; low reusable metric semantics
dns.dns_resolution_ms	Float	candidate_individual	scalar numeric metric
file-nr.fd_allocated	Integer	existing_individual	metric article exists
file-nr.fd_unused	Integer	candidate_individual	scalar numeric metric
file-nr.fd_max	Integer	candidate_individual	scalar numeric metric
file-nr.fd_usage_pct	Float	existing_individual	metric article exists
filesystems.filesystem_count	Integer	candidate_individual	scalar numeric metric
filesystems.filesystems	Table	hard_table	table structure varies; best as source/group guide
interrupts.cpu_count	Integer	candidate_individual	scalar numeric metric
interrupts.irq_count	Integer	candidate_individual	scalar numeric metric
interrupts.interrupts	Table	hard_table	table structure varies; best as source/group guide
iomem.region_count	Integer	candidate_individual	scalar numeric metric
iomem.regions	Table	hard_table	table structure varies; best as source/group guide
ioports.region_count	Integer	candidate_individual	scalar numeric metric
ioports.regions	Table	hard_table	table structure varies; best as source/group guide
loadavg.load_1min	Float	existing_individual	metric article exists
loadavg.load_5min	Float	candidate_individual	scalar numeric metric
loadavg.load_15min	Float	candidate_individual	scalar numeric metric
loadavg.running_threads	Integer	existing_individual	metric article exists
loadavg.total_threads	Integer	candidate_individual	scalar numeric metric
loadavg.last_pid	Integer	candidate_individual	scalar numeric metric
locks.lock_count	Integer	candidate_individual	scalar numeric metric
locks.locks	Table	hard_table	table structure varies; best as source/group guide
meminfo.MemTotal	Bytes	candidate_individual	scalar numeric metric
meminfo.MemFree	Bytes	existing_individual	metric article exists
meminfo.MemAvailable	Bytes	existing_individual	metric article exists
meminfo.Buffers	Bytes	candidate_individual	scalar numeric metric
meminfo.Cached	Bytes	existing_individual	metric article exists
meminfo.SwapCached	Bytes	candidate_individual	scalar numeric metric
meminfo.Active	Bytes	candidate_individual	scalar numeric metric
meminfo.Inactive	Bytes	candidate_individual	scalar numeric metric
meminfo.Active(anon)	Bytes	candidate_individual	scalar numeric metric
meminfo.Inactive(anon)	Bytes	candidate_individual	scalar numeric metric
meminfo.Active(file)	Bytes	candidate_individual	scalar numeric metric
meminfo.Inactive(file)	Bytes	candidate_individual	scalar numeric metric
meminfo.Unevictable	Bytes	candidate_individual	scalar numeric metric
meminfo.Mlocked	Bytes	candidate_individual	scalar numeric metric
meminfo.SwapTotal	Bytes	candidate_individual	scalar numeric metric
meminfo.SwapFree	Bytes	candidate_individual	scalar numeric metric
meminfo.Dirty	Bytes	candidate_individual	scalar numeric metric
meminfo.Writeback	Bytes	candidate_individual	scalar numeric metric
meminfo.AnonPages	Bytes	candidate_individual	scalar numeric metric
meminfo.Mapped	Bytes	candidate_individual	scalar numeric metric
meminfo.Shmem	Bytes	candidate_individual	scalar numeric metric
meminfo.KReclaimable	Bytes	candidate_individual	scalar numeric metric
meminfo.Slab	Bytes	candidate_individual	scalar numeric metric
meminfo.SReclaimable	Bytes	candidate_individual	scalar numeric metric
meminfo.SUnreclaim	Bytes	candidate_individual	scalar numeric metric
meminfo.KernelStack	Bytes	candidate_individual	scalar numeric metric
meminfo.PageTables	Bytes	candidate_individual	scalar numeric metric
meminfo.SecPageTables	Bytes	candidate_individual	scalar numeric metric
meminfo.NFS_Unstable	Bytes	candidate_individual	scalar numeric metric
meminfo.Bounce	Bytes	candidate_individual	scalar numeric metric
meminfo.WritebackTmp	Bytes	candidate_individual	scalar numeric metric
meminfo.CommitLimit	Bytes	candidate_individual	scalar numeric metric
meminfo.Committed_AS	Bytes	candidate_individual	scalar numeric metric
meminfo.VmallocTotal	Bytes	candidate_individual	scalar numeric metric
meminfo.VmallocUsed	Bytes	candidate_individual	scalar numeric metric
meminfo.VmallocChunk	Bytes	candidate_individual	scalar numeric metric
meminfo.Percpu	Bytes	candidate_individual	scalar numeric metric
meminfo.HardwareCorrupted	Bytes	candidate_individual	scalar numeric metric
meminfo.AnonHugePages	Bytes	candidate_individual	scalar numeric metric
meminfo.ShmemHugePages	Bytes	candidate_individual	scalar numeric metric
meminfo.ShmemPmdMapped	Bytes	candidate_individual	scalar numeric metric
meminfo.FileHugePages	Bytes	candidate_individual	scalar numeric metric
meminfo.FilePmdMapped	Bytes	candidate_individual	scalar numeric metric
meminfo.Unaccepted	Bytes	candidate_individual	scalar numeric metric
meminfo.HugePages_Total	Bytes	candidate_individual	scalar numeric metric
meminfo.HugePages_Free	Bytes	candidate_individual	scalar numeric metric
meminfo.HugePages_Rsvd	Bytes	candidate_individual	scalar numeric metric
meminfo.HugePages_Surp	Bytes	candidate_individual	scalar numeric metric
meminfo.Hugepagesize	Bytes	candidate_individual	scalar numeric metric
meminfo.Hugetlb	Bytes	candidate_individual	scalar numeric metric
meminfo.DirectMap4k	Bytes	candidate_individual	scalar numeric metric
meminfo.DirectMap2M	Bytes	candidate_individual	scalar numeric metric
meminfo.DirectMap1G	Bytes	candidate_individual	scalar numeric metric
misc.device_count	Integer	candidate_individual	scalar numeric metric
misc.devices	Table	hard_table	table structure varies; best as source/group guide
modules.module_count	Integer	candidate_individual	scalar numeric metric
modules.modules	Table	hard_table	table structure varies; best as source/group guide
mounts.count	Integer	candidate_individual	scalar numeric metric
mounts.mounts	Table	hard_table	table structure varies; best as source/group guide
net/arp.entry_count	Integer	candidate_individual	scalar numeric metric
net/arp.entries	Table	hard_table	table structure varies; best as source/group guide
net/dev.total_rx	Bytes	existing_individual	metric article exists
net/dev.total_tx	Bytes	existing_individual	metric article exists
net/dev.interface_count	Integer	candidate_individual	scalar numeric metric
net/dev.interfaces	Table	hard_table	table structure varies; best as source/group guide
net/netstat.TcpExt_SyncookiesSent	Integer	candidate_individual	scalar numeric metric
net/netstat.TcpExt_SyncookiesRecv	Integer	candidate_individual	scalar numeric metric
net/netstat.TcpExt_SyncookiesFailed	Integer	candidate_individual	scalar numeric metric
net/netstat.TcpExt_EmbryonicRsts	Integer	candidate_individual	scalar numeric metric
net/netstat.TcpExt_PruneCalled	Integer	candidate_individual	scalar numeric metric
net/netstat.TcpExt_RcvPruned	Integer	candidate_individual	scalar numeric metric
net/netstat.TcpExt_OfoPruned	Integer	candidate_individual	scalar numeric metric
net/netstat.TcpExt_OutOfWindowIcmps	Integer	candidate_individual	scalar numeric metric
net/netstat.TcpExt_LockDroppedIcmps	Integer	candidate_individual	scalar numeric metric
net/netstat.TcpExt_ArpFilter	Integer	candidate_individual	scalar numeric metric
net/netstat.TcpExt_TW	Integer	candidate_individual	scalar numeric metric
net/netstat.TcpExt_TWRecycled	Integer	candidate_individual	scalar numeric metric
net/netstat.TcpExt_TWKilled	Integer	candidate_individual	scalar numeric metric
net/netstat.TcpExt_PAWSActive	Integer	candidate_individual	scalar numeric metric
net/netstat.TcpExt_PAWSEstab	Integer	candidate_individual	scalar numeric metric
net/netstat.TcpExt_DelayedACKs	Integer	candidate_individual	scalar numeric metric
net/netstat.TcpExt_DelayedACKLocked	Integer	candidate_individual	scalar numeric metric
net/netstat.TcpExt_DelayedACKLost	Integer	candidate_individual	scalar numeric metric
net/netstat.TcpExt_ListenOverflows	Integer	candidate_individual	scalar numeric metric
net/netstat.TcpExt_ListenDrops	Integer	existing_individual	metric article exists
net/netstat.TcpExt_TCPHPHits	Integer	candidate_individual	scalar numeric metric
net/netstat.TcpExt_TCPPureAcks	Integer	candidate_individual	scalar numeric metric
net/netstat.TcpExt_TCPHPAcks	Integer	candidate_individual	scalar numeric metric
net/netstat.TcpExt_TCPRenoRecovery	Integer	candidate_individual	scalar numeric metric
net/netstat.TcpExt_TCPSackRecovery	Integer	candidate_individual	scalar numeric metric
net/netstat.TcpExt_TCPSACKReneging	Integer	candidate_individual	scalar numeric metric
net/netstat.TcpExt_TCPSACKReorder	Integer	candidate_individual	scalar numeric metric
net/netstat.TcpExt_TCPRenoReorder	Integer	candidate_individual	scalar numeric metric
net/netstat.TcpExt_TCPTSReorder	Integer	candidate_individual	scalar numeric metric
net/netstat.TcpExt_TCPFullUndo	Integer	candidate_individual	scalar numeric metric
net/netstat.TcpExt_TCPPartialUndo	Integer	candidate_individual	scalar numeric metric
net/netstat.TcpExt_TCPDSACKUndo	Integer	candidate_individual	scalar numeric metric
net/netstat.TcpExt_TCPLossUndo	Integer	candidate_individual	scalar numeric metric
net/netstat.TcpExt_TCPLostRetransmit	Integer	candidate_individual	scalar numeric metric
net/netstat.TcpExt_TCPRenoFailures	Integer	candidate_individual	scalar numeric metric
net/netstat.TcpExt_TCPSackFailures	Integer	candidate_individual	scalar numeric metric
net/netstat.TcpExt_TCPLossFailures	Integer	candidate_individual	scalar numeric metric
net/netstat.TcpExt_TCPFastRetrans	Integer	candidate_individual	scalar numeric metric
net/netstat.TcpExt_TCPSlowStartRetrans	Integer	candidate_individual	scalar numeric metric
net/netstat.TcpExt_TCPTimeouts	Integer	candidate_individual	scalar numeric metric
net/netstat.TcpExt_TCPLossProbes	Integer	candidate_individual	scalar numeric metric
net/netstat.TcpExt_TCPLossProbeRecovery	Integer	candidate_individual	scalar numeric metric
net/netstat.TcpExt_TCPRenoRecoveryFail	Integer	candidate_individual	scalar numeric metric
net/netstat.TcpExt_TCPSackRecoveryFail	Integer	candidate_individual	scalar numeric metric
net/netstat.TcpExt_TCPRcvCollapsed	Integer	candidate_individual	scalar numeric metric
net/netstat.TcpExt_TCPBacklogCoalesce	Integer	candidate_individual	scalar numeric metric
net/netstat.TcpExt_TCPDSACKOldSent	Integer	candidate_individual	scalar numeric metric
net/netstat.TcpExt_TCPDSACKOfoSent	Integer	candidate_individual	scalar numeric metric
net/netstat.TcpExt_TCPDSACKRecv	Integer	candidate_individual	scalar numeric metric
net/netstat.TcpExt_TCPDSACKOfoRecv	Integer	candidate_individual	scalar numeric metric
net/netstat.TcpExt_TCPAbortOnData	Integer	candidate_individual	scalar numeric metric
net/netstat.TcpExt_TCPAbortOnClose	Integer	candidate_individual	scalar numeric metric
net/netstat.TcpExt_TCPAbortOnMemory	Integer	candidate_individual	scalar numeric metric
net/netstat.TcpExt_TCPAbortOnTimeout	Integer	candidate_individual	scalar numeric metric
net/netstat.TcpExt_TCPAbortOnLinger	Integer	candidate_individual	scalar numeric metric
net/netstat.TcpExt_TCPAbortFailed	Integer	candidate_individual	scalar numeric metric
net/netstat.TcpExt_TCPMemoryPressures	Integer	candidate_individual	scalar numeric metric
net/netstat.TcpExt_TCPMemoryPressuresChrono	Integer	candidate_individual	scalar numeric metric
net/netstat.TcpExt_TCPSACKDiscard	Integer	candidate_individual	scalar numeric metric
net/netstat.TcpExt_TCPDSACKIgnoredOld	Integer	candidate_individual	scalar numeric metric
net/netstat.TcpExt_TCPDSACKIgnoredNoUndo	Integer	candidate_individual	scalar numeric metric
net/netstat.TcpExt_TCPSpuriousRTOs	Integer	candidate_individual	scalar numeric metric
net/netstat.TcpExt_TCPMD5NotFound	Integer	candidate_individual	scalar numeric metric
net/netstat.TcpExt_TCPMD5Unexpected	Integer	candidate_individual	scalar numeric metric
net/netstat.TcpExt_TCPMD5Failure	Integer	candidate_individual	scalar numeric metric
net/netstat.TcpExt_TCPSackShifted	Integer	candidate_individual	scalar numeric metric
net/netstat.TcpExt_TCPSackMerged	Integer	candidate_individual	scalar numeric metric
net/netstat.TcpExt_TCPSackShiftFallback	Integer	candidate_individual	scalar numeric metric
net/netstat.TcpExt_TCPBacklogDrop	Integer	candidate_individual	scalar numeric metric
net/netstat.TcpExt_PFMemallocDrop	Integer	candidate_individual	scalar numeric metric
net/netstat.TcpExt_TCPMinTTLDrop	Integer	candidate_individual	scalar numeric metric
net/netstat.TcpExt_TCPDeferAcceptDrop	Integer	candidate_individual	scalar numeric metric
net/netstat.TcpExt_IPReversePathFilter	Integer	candidate_individual	scalar numeric metric
net/netstat.TcpExt_TCPTimeWaitOverflow	Integer	candidate_individual	scalar numeric metric
net/netstat.TcpExt_TCPReqQFullDoCookies	Integer	candidate_individual	scalar numeric metric
net/netstat.TcpExt_TCPReqQFullDrop	Integer	candidate_individual	scalar numeric metric
net/netstat.TcpExt_TCPRetransFail	Integer	candidate_individual	scalar numeric metric
net/netstat.TcpExt_TCPRcvCoalesce	Integer	candidate_individual	scalar numeric metric
net/netstat.TcpExt_TCPOFOQueue	Integer	candidate_individual	scalar numeric metric
net/netstat.TcpExt_TCPOFODrop	Integer	candidate_individual	scalar numeric metric
net/netstat.TcpExt_TCPOFOMerge	Integer	candidate_individual	scalar numeric metric
net/netstat.TcpExt_TCPChallengeACK	Integer	candidate_individual	scalar numeric metric
net/netstat.TcpExt_TCPSYNChallenge	Integer	candidate_individual	scalar numeric metric
net/netstat.TcpExt_TCPFastOpenActive	Integer	candidate_individual	scalar numeric metric
net/netstat.TcpExt_TCPFastOpenActiveFail	Integer	candidate_individual	scalar numeric metric
net/netstat.TcpExt_TCPFastOpenPassive	Integer	candidate_individual	scalar numeric metric
net/netstat.TcpExt_TCPFastOpenPassiveFail	Integer	candidate_individual	scalar numeric metric
net/netstat.TcpExt_TCPFastOpenListenOverflow	Integer	candidate_individual	scalar numeric metric
net/netstat.TcpExt_TCPFastOpenCookieReqd	Integer	candidate_individual	scalar numeric metric
net/netstat.TcpExt_TCPFastOpenBlackhole	Integer	candidate_individual	scalar numeric metric
net/netstat.TcpExt_TCPSpuriousRtxHostQueues	Integer	candidate_individual	scalar numeric metric
net/netstat.TcpExt_BusyPollRxPackets	Integer	candidate_individual	scalar numeric metric
net/netstat.TcpExt_TCPAutoCorking	Integer	candidate_individual	scalar numeric metric
net/netstat.TcpExt_TCPFromZeroWindowAdv	Integer	candidate_individual	scalar numeric metric
net/netstat.TcpExt_TCPToZeroWindowAdv	Integer	candidate_individual	scalar numeric metric
net/netstat.TcpExt_TCPWantZeroWindowAdv	Integer	candidate_individual	scalar numeric metric
net/netstat.TcpExt_TCPSynRetrans	Integer	candidate_individual	scalar numeric metric
net/netstat.TcpExt_TCPOrigDataSent	Integer	candidate_individual	scalar numeric metric
net/netstat.TcpExt_TCPHystartTrainDetect	Integer	candidate_individual	scalar numeric metric
net/netstat.TcpExt_TCPHystartTrainCwnd	Integer	candidate_individual	scalar numeric metric
net/netstat.TcpExt_TCPHystartDelayDetect	Integer	candidate_individual	scalar numeric metric
net/netstat.TcpExt_TCPHystartDelayCwnd	Integer	candidate_individual	scalar numeric metric
net/netstat.TcpExt_TCPACKSkippedSynRecv	Integer	candidate_individual	scalar numeric metric
net/netstat.TcpExt_TCPACKSkippedPAWS	Integer	candidate_individual	scalar numeric metric
net/netstat.TcpExt_TCPACKSkippedSeq	Integer	candidate_individual	scalar numeric metric
net/netstat.TcpExt_TCPACKSkippedFinWait2	Integer	candidate_individual	scalar numeric metric
net/netstat.TcpExt_TCPACKSkippedTimeWait	Integer	candidate_individual	scalar numeric metric
net/netstat.TcpExt_TCPACKSkippedChallenge	Integer	candidate_individual	scalar numeric metric
net/netstat.TcpExt_TCPWinProbe	Integer	candidate_individual	scalar numeric metric
net/netstat.TcpExt_TCPKeepAlive	Integer	candidate_individual	scalar numeric metric
net/netstat.TcpExt_TCPMTUPFail	Integer	candidate_individual	scalar numeric metric
net/netstat.TcpExt_TCPMTUPSuccess	Integer	candidate_individual	scalar numeric metric
net/netstat.TcpExt_TCPDelivered	Integer	candidate_individual	scalar numeric metric
net/netstat.TcpExt_TCPDeliveredCE	Integer	candidate_individual	scalar numeric metric
net/netstat.TcpExt_TCPAckCompressed	Integer	candidate_individual	scalar numeric metric
net/netstat.TcpExt_TCPZeroWindowDrop	Integer	candidate_individual	scalar numeric metric
net/netstat.TcpExt_TCPRcvQDrop	Integer	candidate_individual	scalar numeric metric
net/netstat.TcpExt_TCPWqueueTooBig	Integer	candidate_individual	scalar numeric metric
net/netstat.TcpExt_TCPFastOpenPassiveAltKey	Integer	candidate_individual	scalar numeric metric
net/netstat.TcpExt_TcpTimeoutRehash	Integer	candidate_individual	scalar numeric metric
net/netstat.TcpExt_TcpDuplicateDataRehash	Integer	candidate_individual	scalar numeric metric
net/netstat.TcpExt_TCPDSACKRecvSegs	Integer	candidate_individual	scalar numeric metric
net/netstat.TcpExt_TCPDSACKIgnoredDubious	Integer	candidate_individual	scalar numeric metric
net/netstat.TcpExt_TCPMigrateReqSuccess	Integer	candidate_individual	scalar numeric metric
net/netstat.TcpExt_TCPMigrateReqFailure	Integer	candidate_individual	scalar numeric metric
net/netstat.TcpExt_TCPPLBRehash	Integer	candidate_individual	scalar numeric metric
net/netstat.IpExt_InNoRoutes	Integer	candidate_individual	scalar numeric metric
net/netstat.IpExt_InTruncatedPkts	Integer	candidate_individual	scalar numeric metric
net/netstat.IpExt_InMcastPkts	Integer	candidate_individual	scalar numeric metric
net/netstat.IpExt_OutMcastPkts	Integer	candidate_individual	scalar numeric metric
net/netstat.IpExt_InBcastPkts	Integer	candidate_individual	scalar numeric metric
net/netstat.IpExt_OutBcastPkts	Integer	candidate_individual	scalar numeric metric
net/netstat.IpExt_InOctets	Integer	candidate_individual	scalar numeric metric
net/netstat.IpExt_OutOctets	Integer	candidate_individual	scalar numeric metric
net/netstat.IpExt_InMcastOctets	Integer	candidate_individual	scalar numeric metric
net/netstat.IpExt_OutMcastOctets	Integer	candidate_individual	scalar numeric metric
net/netstat.IpExt_InBcastOctets	Integer	candidate_individual	scalar numeric metric
net/netstat.IpExt_OutBcastOctets	Integer	candidate_individual	scalar numeric metric
net/netstat.IpExt_InCsumErrors	Integer	candidate_individual	scalar numeric metric
net/netstat.IpExt_InNoECTPkts	Integer	candidate_individual	scalar numeric metric
net/netstat.IpExt_InECT1Pkts	Integer	candidate_individual	scalar numeric metric
net/netstat.IpExt_InECT0Pkts	Integer	candidate_individual	scalar numeric metric
net/netstat.IpExt_InCEPkts	Integer	candidate_individual	scalar numeric metric
net/netstat.IpExt_ReasmOverlaps	Integer	candidate_individual	scalar numeric metric
net/route.route_count	Integer	candidate_individual	scalar numeric metric
net/route.routes	Table	hard_table	table structure varies; best as source/group guide
net/snmp.Ip_Forwarding	Integer	candidate_individual	scalar numeric metric
net/snmp.Ip_DefaultTTL	Integer	candidate_individual	scalar numeric metric
net/snmp.Ip_InReceives	Integer	candidate_individual	scalar numeric metric
net/snmp.Ip_InHdrErrors	Integer	candidate_individual	scalar numeric metric
net/snmp.Ip_InAddrErrors	Integer	candidate_individual	scalar numeric metric
net/snmp.Ip_ForwDatagrams	Integer	candidate_individual	scalar numeric metric
net/snmp.Ip_InUnknownProtos	Integer	candidate_individual	scalar numeric metric
net/snmp.Ip_InDiscards	Integer	candidate_individual	scalar numeric metric
net/snmp.Ip_InDelivers	Integer	candidate_individual	scalar numeric metric
net/snmp.Ip_OutRequests	Integer	candidate_individual	scalar numeric metric
net/snmp.Ip_OutDiscards	Integer	candidate_individual	scalar numeric metric
net/snmp.Ip_OutNoRoutes	Integer	candidate_individual	scalar numeric metric
net/snmp.Ip_ReasmTimeout	Integer	candidate_individual	scalar numeric metric
net/snmp.Ip_ReasmReqds	Integer	candidate_individual	scalar numeric metric
net/snmp.Ip_ReasmOKs	Integer	candidate_individual	scalar numeric metric
net/snmp.Ip_ReasmFails	Integer	candidate_individual	scalar numeric metric
net/snmp.Ip_FragOKs	Integer	candidate_individual	scalar numeric metric
net/snmp.Ip_FragFails	Integer	candidate_individual	scalar numeric metric
net/snmp.Ip_FragCreates	Integer	candidate_individual	scalar numeric metric
net/snmp.Ip_OutTransmits	Integer	candidate_individual	scalar numeric metric
net/snmp.Icmp_InMsgs	Integer	candidate_individual	scalar numeric metric
net/snmp.Icmp_InErrors	Integer	candidate_individual	scalar numeric metric
net/snmp.Icmp_InCsumErrors	Integer	candidate_individual	scalar numeric metric
net/snmp.Icmp_InDestUnreachs	Integer	candidate_individual	scalar numeric metric
net/snmp.Icmp_InTimeExcds	Integer	candidate_individual	scalar numeric metric
net/snmp.Icmp_InParmProbs	Integer	candidate_individual	scalar numeric metric
net/snmp.Icmp_InSrcQuenchs	Integer	candidate_individual	scalar numeric metric
net/snmp.Icmp_InRedirects	Integer	candidate_individual	scalar numeric metric
net/snmp.Icmp_InEchos	Integer	candidate_individual	scalar numeric metric
net/snmp.Icmp_InEchoReps	Integer	candidate_individual	scalar numeric metric
net/snmp.Icmp_InTimestamps	Integer	candidate_individual	scalar numeric metric
net/snmp.Icmp_InTimestampReps	Integer	candidate_individual	scalar numeric metric
net/snmp.Icmp_InAddrMasks	Integer	candidate_individual	scalar numeric metric
net/snmp.Icmp_InAddrMaskReps	Integer	candidate_individual	scalar numeric metric
net/snmp.Icmp_OutMsgs	Integer	candidate_individual	scalar numeric metric
net/snmp.Icmp_OutErrors	Integer	candidate_individual	scalar numeric metric
net/snmp.Icmp_OutRateLimitGlobal	Integer	candidate_individual	scalar numeric metric
net/snmp.Icmp_OutRateLimitHost	Integer	candidate_individual	scalar numeric metric
net/snmp.Icmp_OutDestUnreachs	Integer	candidate_individual	scalar numeric metric
net/snmp.Icmp_OutTimeExcds	Integer	candidate_individual	scalar numeric metric
net/snmp.Icmp_OutParmProbs	Integer	candidate_individual	scalar numeric metric
net/snmp.Icmp_OutSrcQuenchs	Integer	candidate_individual	scalar numeric metric
net/snmp.Icmp_OutRedirects	Integer	candidate_individual	scalar numeric metric
net/snmp.Icmp_OutEchos	Integer	candidate_individual	scalar numeric metric
net/snmp.Icmp_OutEchoReps	Integer	candidate_individual	scalar numeric metric
net/snmp.Icmp_OutTimestamps	Integer	candidate_individual	scalar numeric metric
net/snmp.Icmp_OutTimestampReps	Integer	candidate_individual	scalar numeric metric
net/snmp.Icmp_OutAddrMasks	Integer	candidate_individual	scalar numeric metric
net/snmp.Icmp_OutAddrMaskReps	Integer	candidate_individual	scalar numeric metric
net/snmp.Tcp_RtoAlgorithm	Integer	candidate_individual	scalar numeric metric
net/snmp.Tcp_RtoMin	Integer	candidate_group_suffix	net/snmp.Tcp_Rto (min/max/count family)
net/snmp.Tcp_RtoMax	Integer	candidate_group_suffix	net/snmp.Tcp_Rto (min/max/count family)
net/snmp.Tcp_MaxConn	Integer	candidate_individual	scalar numeric metric
net/snmp.Tcp_ActiveOpens	Integer	candidate_individual	scalar numeric metric
net/snmp.Tcp_PassiveOpens	Integer	candidate_individual	scalar numeric metric
net/snmp.Tcp_AttemptFails	Integer	candidate_individual	scalar numeric metric
net/snmp.Tcp_EstabResets	Integer	candidate_individual	scalar numeric metric
net/snmp.Tcp_CurrEstab	Integer	candidate_individual	scalar numeric metric
net/snmp.Tcp_InSegs	Integer	candidate_individual	scalar numeric metric
net/snmp.Tcp_OutSegs	Integer	candidate_individual	scalar numeric metric
net/snmp.Tcp_RetransSegs	Integer	existing_individual	metric article exists
net/snmp.Tcp_InErrs	Integer	candidate_individual	scalar numeric metric
net/snmp.Tcp_OutRsts	Integer	candidate_individual	scalar numeric metric
net/snmp.Tcp_InCsumErrors	Integer	candidate_individual	scalar numeric metric
net/snmp.Udp_InDatagrams	Integer	candidate_individual	scalar numeric metric
net/snmp.Udp_NoPorts	Integer	candidate_individual	scalar numeric metric
net/snmp.Udp_InErrors	Integer	existing_individual	metric article exists
net/snmp.Udp_OutDatagrams	Integer	candidate_individual	scalar numeric metric
net/snmp.Udp_RcvbufErrors	Integer	candidate_individual	scalar numeric metric
net/snmp.Udp_SndbufErrors	Integer	candidate_individual	scalar numeric metric
net/snmp.Udp_InCsumErrors	Integer	candidate_individual	scalar numeric metric
net/snmp.Udp_IgnoredMulti	Integer	candidate_individual	scalar numeric metric
net/snmp.Udp_MemErrors	Integer	candidate_individual	scalar numeric metric
net/snmp.UdpLite_InDatagrams	Integer	candidate_individual	scalar numeric metric
net/snmp.UdpLite_NoPorts	Integer	candidate_individual	scalar numeric metric
net/snmp.UdpLite_InErrors	Integer	candidate_individual	scalar numeric metric
net/snmp.UdpLite_OutDatagrams	Integer	candidate_individual	scalar numeric metric
net/snmp.UdpLite_RcvbufErrors	Integer	candidate_individual	scalar numeric metric
net/snmp.UdpLite_SndbufErrors	Integer	candidate_individual	scalar numeric metric
net/snmp.UdpLite_InCsumErrors	Integer	candidate_individual	scalar numeric metric
net/snmp.UdpLite_IgnoredMulti	Integer	candidate_individual	scalar numeric metric
net/snmp.UdpLite_MemErrors	Integer	candidate_individual	scalar numeric metric
net/sockstat.sockets_used	Integer	candidate_individual	scalar numeric metric
net/sockstat.TCP_inuse	Integer	candidate_individual	scalar numeric metric
net/sockstat.TCP_orphan	Integer	candidate_individual	scalar numeric metric
net/sockstat.TCP_tw	Integer	candidate_individual	scalar numeric metric
net/sockstat.TCP_alloc	Integer	candidate_individual	scalar numeric metric
net/sockstat.TCP_mem	Integer	candidate_individual	scalar numeric metric
net/sockstat.UDP_inuse	Integer	candidate_individual	scalar numeric metric
net/sockstat.UDP_mem	Integer	candidate_individual	scalar numeric metric
net/sockstat.UDPLITE_inuse	Integer	candidate_individual	scalar numeric metric
net/sockstat.RAW_inuse	Integer	candidate_individual	scalar numeric metric
net/sockstat.FRAG_inuse	Integer	candidate_individual	scalar numeric metric
net/sockstat.FRAG_memory	Integer	candidate_individual	scalar numeric metric
net/tcp.connection_count	Integer	candidate_individual	scalar numeric metric
net/tcp.connections	Table	hard_table	table structure varies; best as source/group guide
net/udp.socket_count	Integer	candidate_individual	scalar numeric metric
net/udp.sockets	Table	hard_table	table structure varies; best as source/group guide
net/unix.socket_count	Integer	candidate_individual	scalar numeric metric
net/unix.sockets	Table	hard_table	table structure varies; best as source/group guide
net/wireless.interface_count	Integer	candidate_individual	scalar numeric metric
net/wireless.interfaces	Table	hard_table	table structure varies; best as source/group guide
partitions.count	Integer	candidate_individual	scalar numeric metric
partitions.partitions	Table	hard_table	table structure varies; best as source/group guide
pressure.cpu_some_avg10	Float	existing_individual	metric article exists
pressure.cpu_some_avg60	Float	candidate_individual	scalar numeric metric
pressure.cpu_some_avg300	Float	candidate_individual	scalar numeric metric
pressure.cpu_some_total	Integer	candidate_individual	scalar numeric metric
pressure.cpu_full_avg10	Float	candidate_individual	scalar numeric metric
pressure.cpu_full_avg60	Float	candidate_individual	scalar numeric metric
pressure.cpu_full_avg300	Float	candidate_individual	scalar numeric metric
pressure.cpu_full_total	Integer	candidate_individual	scalar numeric metric
pressure.io_some_avg10	Float	existing_individual	metric article exists
pressure.io_some_avg60	Float	candidate_individual	scalar numeric metric
pressure.io_some_avg300	Float	candidate_individual	scalar numeric metric
pressure.io_some_total	Integer	candidate_individual	scalar numeric metric
pressure.io_full_avg10	Float	existing_individual	metric article exists
pressure.io_full_avg60	Float	candidate_individual	scalar numeric metric
pressure.io_full_avg300	Float	candidate_individual	scalar numeric metric
pressure.io_full_total	Integer	candidate_individual	scalar numeric metric
pressure.memory_some_avg10	Float	candidate_individual	scalar numeric metric
pressure.memory_some_avg60	Float	candidate_individual	scalar numeric metric
pressure.memory_some_avg300	Float	candidate_individual	scalar numeric metric
pressure.memory_some_total	Integer	candidate_individual	scalar numeric metric
pressure.memory_full_avg10	Float	existing_individual	metric article exists
pressure.memory_full_avg60	Float	candidate_individual	scalar numeric metric
pressure.memory_full_avg300	Float	candidate_individual	scalar numeric metric
pressure.memory_full_total	Integer	candidate_individual	scalar numeric metric
processes.process_count	Integer	existing_individual	metric article exists
processes.processes	Table	hard_table	table structure varies; best as source/group guide
schedstat.version	Text	hard_text	host-specific text; low reusable metric semantics
schedstat.cpu_count	Integer	candidate_individual	scalar numeric metric
schedstat.cpu_stats	Table	hard_table	table structure varies; best as source/group guide
softirqs.softirq_count	Integer	candidate_individual	scalar numeric metric
softirqs.softirqs	Table	hard_table	table structure varies; best as source/group guide
ss.tcp_established	Integer	candidate_individual	scalar numeric metric
ss.tcp_timewait	Integer	candidate_individual	scalar numeric metric
ss.tcp_orphaned	Integer	candidate_individual	scalar numeric metric
ss.tcp_closed	Integer	candidate_individual	scalar numeric metric
ss.udp_count	Integer	candidate_individual	scalar numeric metric
stat.cpu_user	Integer	existing_individual	metric article exists
stat.cpu_system	Integer	existing_individual	metric article exists
stat.cpu_idle	Integer	candidate_individual	scalar numeric metric
stat.cpu_iowait	Integer	existing_individual	metric article exists
stat.cpu_usage_pct	Float	candidate_individual	scalar numeric metric
stat.context_switches	Integer	existing_individual	metric article exists
stat.forks_total	Integer	candidate_individual	scalar numeric metric
stat.procs_running	Integer	existing_individual	metric article exists
stat.procs_blocked	Integer	candidate_individual	scalar numeric metric
swaps.total_size	Bytes	candidate_individual	scalar numeric metric
swaps.total_used	Bytes	candidate_individual	scalar numeric metric
swaps.usage_pct	Float	candidate_individual	scalar numeric metric
swaps.swap_areas	Table	hard_table	table structure varies; best as source/group guide
uptime.uptime	Duration	candidate_individual	scalar numeric metric
uptime.idle	Duration	candidate_individual	scalar numeric metric
uptime.idle_pct	Float	candidate_individual	scalar numeric metric
version.raw	Text	hard_text	host-specific text; low reusable metric semantics
version.kernel_version	Text	hard_text	host-specific text; low reusable metric semantics
version.compiler	Text	hard_text	host-specific text; low reusable metric semantics
vmstat.nr_free_pages	Integer	candidate_individual	scalar numeric metric
vmstat.nr_zone_inactive_anon	Integer	candidate_individual	scalar numeric metric
vmstat.nr_zone_active_anon	Integer	candidate_individual	scalar numeric metric
vmstat.nr_zone_inactive_file	Integer	candidate_individual	scalar numeric metric
vmstat.nr_zone_active_file	Integer	candidate_individual	scalar numeric metric
vmstat.nr_zone_unevictable	Integer	candidate_individual	scalar numeric metric
vmstat.nr_zone_write_pending	Integer	candidate_individual	scalar numeric metric
vmstat.nr_mlock	Integer	candidate_individual	scalar numeric metric
vmstat.nr_bounce	Integer	candidate_individual	scalar numeric metric
vmstat.nr_zspages	Integer	candidate_individual	scalar numeric metric
vmstat.nr_free_cma	Integer	candidate_individual	scalar numeric metric
vmstat.nr_unaccepted	Integer	candidate_individual	scalar numeric metric
vmstat.numa_hit	Integer	candidate_individual	scalar numeric metric
vmstat.numa_miss	Integer	candidate_individual	scalar numeric metric
vmstat.numa_foreign	Integer	candidate_individual	scalar numeric metric
vmstat.numa_interleave	Integer	candidate_individual	scalar numeric metric
vmstat.numa_local	Integer	candidate_individual	scalar numeric metric
vmstat.numa_other	Integer	candidate_individual	scalar numeric metric
vmstat.nr_inactive_anon	Integer	candidate_individual	scalar numeric metric
vmstat.nr_active_anon	Integer	candidate_individual	scalar numeric metric
vmstat.nr_inactive_file	Integer	candidate_individual	scalar numeric metric
vmstat.nr_active_file	Integer	candidate_individual	scalar numeric metric
vmstat.nr_unevictable	Integer	candidate_individual	scalar numeric metric
vmstat.nr_slab_reclaimable	Integer	candidate_individual	scalar numeric metric
vmstat.nr_slab_unreclaimable	Integer	candidate_individual	scalar numeric metric
vmstat.nr_isolated_anon	Integer	candidate_individual	scalar numeric metric
vmstat.nr_isolated_file	Integer	candidate_individual	scalar numeric metric
vmstat.workingset_nodes	Integer	candidate_individual	scalar numeric metric
vmstat.workingset_refault_anon	Integer	candidate_individual	scalar numeric metric
vmstat.workingset_refault_file	Integer	candidate_individual	scalar numeric metric
vmstat.workingset_activate_anon	Integer	candidate_individual	scalar numeric metric
vmstat.workingset_activate_file	Integer	candidate_individual	scalar numeric metric
vmstat.workingset_restore_anon	Integer	candidate_individual	scalar numeric metric
vmstat.workingset_restore_file	Integer	candidate_individual	scalar numeric metric
vmstat.workingset_nodereclaim	Integer	candidate_individual	scalar numeric metric
vmstat.nr_anon_pages	Integer	candidate_individual	scalar numeric metric
vmstat.nr_mapped	Integer	candidate_individual	scalar numeric metric
vmstat.nr_file_pages	Integer	candidate_individual	scalar numeric metric
vmstat.nr_dirty	Integer	existing_individual	metric article exists
vmstat.nr_writeback	Integer	existing_individual	metric article exists
vmstat.nr_writeback_temp	Integer	candidate_individual	scalar numeric metric
vmstat.nr_shmem	Integer	candidate_individual	scalar numeric metric
vmstat.nr_shmem_hugepages	Integer	candidate_individual	scalar numeric metric
vmstat.nr_shmem_pmdmapped	Integer	candidate_individual	scalar numeric metric
vmstat.nr_file_hugepages	Integer	candidate_individual	scalar numeric metric
vmstat.nr_file_pmdmapped	Integer	candidate_individual	scalar numeric metric
vmstat.nr_anon_transparent_hugepages	Integer	candidate_individual	scalar numeric metric
vmstat.nr_vmscan_write	Integer	candidate_individual	scalar numeric metric
vmstat.nr_vmscan_immediate_reclaim	Integer	candidate_individual	scalar numeric metric
vmstat.nr_dirtied	Integer	candidate_individual	scalar numeric metric
vmstat.nr_written	Integer	candidate_individual	scalar numeric metric
vmstat.nr_throttled_written	Integer	candidate_individual	scalar numeric metric
vmstat.nr_kernel_misc_reclaimable	Integer	candidate_individual	scalar numeric metric
vmstat.nr_foll_pin_acquired	Integer	candidate_individual	scalar numeric metric
vmstat.nr_foll_pin_released	Integer	candidate_individual	scalar numeric metric
vmstat.nr_kernel_stack	Integer	candidate_individual	scalar numeric metric
vmstat.nr_page_table_pages	Integer	candidate_individual	scalar numeric metric
vmstat.nr_sec_page_table_pages	Integer	candidate_individual	scalar numeric metric
vmstat.nr_swapcached	Integer	candidate_individual	scalar numeric metric
vmstat.nr_dirty_threshold	Integer	candidate_individual	scalar numeric metric
vmstat.nr_dirty_background_threshold	Integer	candidate_individual	scalar numeric metric
vmstat.pgpgin	Integer	candidate_individual	scalar numeric metric
vmstat.pgpgout	Integer	candidate_individual	scalar numeric metric
vmstat.pswpin	Integer	existing_individual	metric article exists
vmstat.pswpout	Integer	existing_individual	metric article exists
vmstat.pgalloc_dma32	Integer	candidate_individual	scalar numeric metric
vmstat.pgalloc_normal	Integer	candidate_individual	scalar numeric metric
vmstat.pgalloc_movable	Integer	candidate_individual	scalar numeric metric
vmstat.pgalloc_device	Integer	candidate_individual	scalar numeric metric
vmstat.allocstall_dma32	Integer	candidate_individual	scalar numeric metric
vmstat.allocstall_normal	Integer	candidate_individual	scalar numeric metric
vmstat.allocstall_movable	Integer	candidate_individual	scalar numeric metric
vmstat.allocstall_device	Integer	candidate_individual	scalar numeric metric
vmstat.pgskip_dma32	Integer	candidate_individual	scalar numeric metric
vmstat.pgskip_normal	Integer	candidate_individual	scalar numeric metric
vmstat.pgskip_movable	Integer	candidate_individual	scalar numeric metric
vmstat.pgskip_device	Integer	candidate_individual	scalar numeric metric
vmstat.pgfree	Integer	candidate_individual	scalar numeric metric
vmstat.pgactivate	Integer	candidate_individual	scalar numeric metric
vmstat.pgdeactivate	Integer	candidate_individual	scalar numeric metric
vmstat.pglazyfree	Integer	candidate_individual	scalar numeric metric
vmstat.pgfault	Integer	candidate_individual	scalar numeric metric
vmstat.pgmajfault	Integer	existing_individual	metric article exists
vmstat.pglazyfreed	Integer	candidate_individual	scalar numeric metric
vmstat.pgrefill	Integer	candidate_individual	scalar numeric metric
vmstat.pgreuse	Integer	candidate_individual	scalar numeric metric
vmstat.pgsteal_kswapd	Integer	candidate_individual	scalar numeric metric
vmstat.pgsteal_direct	Integer	candidate_individual	scalar numeric metric
vmstat.pgsteal_khugepaged	Integer	candidate_individual	scalar numeric metric
vmstat.pgdemote_kswapd	Integer	candidate_individual	scalar numeric metric
vmstat.pgdemote_direct	Integer	candidate_individual	scalar numeric metric
vmstat.pgdemote_khugepaged	Integer	candidate_individual	scalar numeric metric
vmstat.pgscan_kswapd	Integer	candidate_individual	scalar numeric metric
vmstat.pgscan_direct	Integer	candidate_individual	scalar numeric metric
vmstat.pgscan_khugepaged	Integer	candidate_individual	scalar numeric metric
vmstat.pgscan_direct_throttle	Integer	candidate_individual	scalar numeric metric
vmstat.pgscan_anon	Integer	candidate_individual	scalar numeric metric
vmstat.pgscan_file	Integer	candidate_individual	scalar numeric metric
vmstat.pgsteal_anon	Integer	candidate_individual	scalar numeric metric
vmstat.pgsteal_file	Integer	candidate_individual	scalar numeric metric
vmstat.zone_reclaim_failed	Integer	candidate_individual	scalar numeric metric
vmstat.pginodesteal	Integer	candidate_individual	scalar numeric metric
vmstat.slabs_scanned	Integer	candidate_individual	scalar numeric metric
vmstat.kswapd_inodesteal	Integer	candidate_individual	scalar numeric metric
vmstat.kswapd_low_wmark_hit_quickly	Integer	candidate_individual	scalar numeric metric
vmstat.kswapd_high_wmark_hit_quickly	Integer	candidate_individual	scalar numeric metric
vmstat.pageoutrun	Integer	candidate_individual	scalar numeric metric
vmstat.pgrotated	Integer	candidate_individual	scalar numeric metric
vmstat.drop_pagecache	Integer	candidate_individual	scalar numeric metric
vmstat.drop_slab	Integer	candidate_individual	scalar numeric metric
vmstat.oom_kill	Integer	candidate_individual	scalar numeric metric
vmstat.pgmigrate_success	Integer	candidate_individual	scalar numeric metric
vmstat.pgmigrate_fail	Integer	candidate_individual	scalar numeric metric
vmstat.thp_migration_success	Integer	candidate_individual	scalar numeric metric
vmstat.thp_migration_fail	Integer	candidate_individual	scalar numeric metric
vmstat.thp_migration_split	Integer	candidate_individual	scalar numeric metric
vmstat.compact_migrate_scanned	Integer	candidate_individual	scalar numeric metric
vmstat.compact_free_scanned	Integer	candidate_individual	scalar numeric metric
vmstat.compact_isolated	Integer	candidate_individual	scalar numeric metric
vmstat.compact_stall	Integer	candidate_individual	scalar numeric metric
vmstat.compact_fail	Integer	candidate_individual	scalar numeric metric
vmstat.compact_success	Integer	candidate_individual	scalar numeric metric
vmstat.compact_daemon_wake	Integer	candidate_individual	scalar numeric metric
vmstat.compact_daemon_migrate_scanned	Integer	candidate_individual	scalar numeric metric
vmstat.compact_daemon_free_scanned	Integer	candidate_individual	scalar numeric metric
vmstat.htlb_buddy_alloc_success	Integer	candidate_individual	scalar numeric metric
vmstat.htlb_buddy_alloc_fail	Integer	candidate_individual	scalar numeric metric
vmstat.unevictable_pgs_culled	Integer	candidate_individual	scalar numeric metric
vmstat.unevictable_pgs_scanned	Integer	candidate_individual	scalar numeric metric
vmstat.unevictable_pgs_rescued	Integer	candidate_individual	scalar numeric metric
vmstat.unevictable_pgs_mlocked	Integer	candidate_individual	scalar numeric metric
vmstat.unevictable_pgs_munlocked	Integer	candidate_individual	scalar numeric metric
vmstat.unevictable_pgs_cleared	Integer	candidate_individual	scalar numeric metric
vmstat.unevictable_pgs_stranded	Integer	candidate_individual	scalar numeric metric
vmstat.thp_fault_alloc	Integer	candidate_individual	scalar numeric metric
vmstat.thp_fault_fallback	Integer	candidate_individual	scalar numeric metric
vmstat.thp_fault_fallback_charge	Integer	candidate_individual	scalar numeric metric
vmstat.thp_collapse_alloc	Integer	candidate_individual	scalar numeric metric
vmstat.thp_collapse_alloc_failed	Integer	candidate_individual	scalar numeric metric
vmstat.thp_file_alloc	Integer	candidate_individual	scalar numeric metric
vmstat.thp_file_fallback	Integer	candidate_individual	scalar numeric metric
vmstat.thp_file_fallback_charge	Integer	candidate_individual	scalar numeric metric
vmstat.thp_file_mapped	Integer	candidate_individual	scalar numeric metric
vmstat.thp_split_page	Integer	candidate_individual	scalar numeric metric
vmstat.thp_split_page_failed	Integer	candidate_individual	scalar numeric metric
vmstat.thp_deferred_split_page	Integer	candidate_individual	scalar numeric metric
vmstat.thp_split_pmd	Integer	candidate_individual	scalar numeric metric
vmstat.thp_scan_exceed_none_pte	Integer	candidate_individual	scalar numeric metric
vmstat.thp_scan_exceed_swap_pte	Integer	candidate_individual	scalar numeric metric
vmstat.thp_scan_exceed_share_pte	Integer	candidate_individual	scalar numeric metric
vmstat.thp_split_pud	Integer	candidate_individual	scalar numeric metric
vmstat.thp_zero_page_alloc	Integer	candidate_individual	scalar numeric metric
vmstat.thp_zero_page_alloc_failed	Integer	candidate_individual	scalar numeric metric
vmstat.thp_swpout	Integer	candidate_individual	scalar numeric metric
vmstat.thp_swpout_fallback	Integer	candidate_individual	scalar numeric metric
vmstat.balloon_inflate	Integer	candidate_individual	scalar numeric metric
vmstat.balloon_deflate	Integer	candidate_individual	scalar numeric metric
vmstat.balloon_migrate	Integer	candidate_individual	scalar numeric metric
vmstat.swap_ra	Integer	candidate_individual	scalar numeric metric
vmstat.swap_ra_hit	Integer	candidate_individual	scalar numeric metric
vmstat.ksm_swpin_copy	Integer	candidate_individual	scalar numeric metric
vmstat.cow_ksm	Integer	candidate_individual	scalar numeric metric
vmstat.direct_map_level2_splits	Integer	candidate_individual	scalar numeric metric
vmstat.direct_map_level3_splits	Integer	candidate_individual	scalar numeric metric
vmstat.nr_unstable	Integer	candidate_individual	scalar numeric metric
zoneinfo.zone_count	Integer	candidate_individual	scalar numeric metric
zoneinfo.zones	Table	hard_table	table structure varies; best as source/group guide
